"Name","Location","Members Count","Addresses","Tags"
"G-WEB","shared","2","WEB-1;WEB-2",""
"G-APP","shared","1","APP-NET",""
"G-ALL-SRV","shared","3","G-WEB;G-APP;DB-1",""
"G-RANGE","shared","2","R-VPN;VPN-NET",""
"G-BACKUP","shared","2","BACKUP-FQDN;BACKUP-IP",""
"G-PARTNERS","shared","2","PARTNER-A;PARTNER-B",""
"G-RESOLVERS","shared","2","DNS-GOOGLE;DNS-CF",""
"G-GUEST","shared","1","GUEST-NET",""
"G-L4","shared","1","DEEP-HOST",""
"G-L3","shared","1","G-L4",""
"G-L2","shared","1","G-L3",""
"G-L1","shared","1","G-L2",""
"G-BIG","shared","30","HOST-01;HOST-02;HOST-03;HOST-04;HOST-05;HOST-06;HOST-07;HOST-08;HOST-09;HOST-10;HOST-11;HOST-12;HOST-13;HOST-14;HOST-15;HOST-16;HOST-17;HOST-18;HOST-19;HOST-20;HOST-21;HOST-22;HOST-23;HOST-24;HOST-25;HOST-26;HOST-27;HOST-28;HOST-29;HOST-30",""
"G-WEB-COPY","shared","2","WEB-2;WEB-1",""
"G-MIXED-UNDEF","shared","2","WEB-1;NOT-DEFINED-OBJ",""
